本田翼は“ゲーム実況の収益”を..最近「お金事情」をぶっちゃけ…,32082
大相撲の元横綱･輪島大士氏死去‥突然の訃報に驚きと悲しみ広がる,12438
ぐっすり眠りたい人必見！...上質な眠りを導く『熟睡グッズ』5…,12390
感動的で素晴らしい作品に…人気映画の『続編速報』にワクワク！,8650
コスメ女子絶賛！手のひらサイズの｢ミニコスメ｣が超優秀♡,16490
今度はどの作品が“バズる”!?秋ドラマは「SNS」にも注目,19999
SNSで話題のマグカップがめちゃくちゃ使える！おすすめ４選,6388
元アイドルはネイリストに‥最近､見かけないあの人たちの現在,54388
ティラミスにラズベリー♥...10月新発売の『コンビニスイーツ…,21203
「インスタ映えしないから手放す」そんな風潮を覆す『黒猫』の投稿,8678
米倉涼子が６年ぶりの主演。リーガルV に期待の声があがっている,1494
プライベートは悲しい…『苦悩』を告白した芸能人に同情しちゃう,8139
か、カオス…みんなが報告する『深夜のノンフィクション』が面白い,67355
癒される～♡ニトリの「＃人をダメにするクッション」が可愛すぎ,3953
来年も続投？17年ぶりの最下位が確定した阪神・金本監督に厳しい…,3229
これすげぇ…Twitterで見つけたみんなの「アイデアグッズ」…,46134
村上虹郎×広瀬アリス『銃』も！11月公開のおすすめ「ミステリー…,2678
【10月＆11月】紅葉が綺麗な人気名所『秋の絶景スポット』７選,5790
ホワイトタイガーに襲われ飼育員死亡‥動物園の事故に様々な声,46873
はぁたまらん…ネコ好きが本気で作った「猫カレンダー」,55315
超リピされてる！色っぽボディをつくるコスメ,1008630
